accuracy,loss,split
1.0,0.2260304093360901,train
0.2083333358168602,2.3633383214473724,val
