accuracy,loss,split
1.0,0.08235503267496824,train
0.1458333358168602,10.164280414581299,val
