accuracy,loss,split
0.8125,0.26792846666648984,train
0.1458333358168602,7.064982056617737,val
