accuracy,loss,split
0.875,0.43168993666768074,train
0.6666666567325592,0.9163229465484619,val
