accuracy,loss,split
0.9583333432674408,0.05869134026579559,train
1.0,0.019272855948656797,val
