accuracy,loss,split
1.0,0.006072686548577622,train
1.0,0.05385752092115581,val
