accuracy,loss,split
0.9166666716337204,0.30119826935697347,train
1.0,0.0001607564954611007,val
