accuracy,loss,split
0.9166666716337204,0.17947222117800266,train
0.9583333283662796,0.11769047123380005,val
