accuracy,loss,split
0.8502759130502809,0.38247578395401827,train
0.6612067111139375,0.9932787253604671,val
