accuracy,loss,split
0.8604279039351921,0.3503491498711633,train
0.9302835755231904,0.17540007151239287,val
