accuracy,loss,split
0.7291666679084301,0.4854302480816841,train
0.9375,0.2443129811435938,val
