epoch,time,split,loss,accuracy,f1
0,661.1365621089935,train,0.6921641355699144,0.7092195749282837,0.5479034185409546
0,30.566542625427246,val,0.8294186587831504,0.6461066007614136,0.49003419280052185
