loss,epoch,time,accuracy,f1_score,split
0.7543706870456756,0,3515.3816208839417,0.6645631762633688,0.6331784807399552,train
1.1678131333759156,0,106.98752331733704,0.5371206007447921,0.474306879994081,val
