loss,epoch,time,accuracy,f1_score,split
0.8954013130353496,0,3509.1692926883698,0.5801818290926548,0.526527902636314,train
1.0445377812048795,0,106.44966888427734,0.5231551649382561,0.46842325136385776,val
