loss,epoch,time,accuracy,f1_score,split
0.8954013130353496,0,3509.1692926883698,0.5801818290926548,0.526527902636314,train
0.8086668376932908,1,3512.8618948459625,0.6382055744321313,0.5978109954643066,train
1.0445377812048795,0,106.44966888427734,0.5231551649382561,0.46842325136385776,val
1.0445849742957733,1,105.80818271636963,0.5231108771009846,0.46931010637215,val
